,Club,rPoints,Points,xPoints,Matches,rWins,rDraws,rLosses,Wins,Draws,Losses,xWins,xDraws,xLosses,GoalDiff,xGoalDiff,GoalsF_Diff,GoalsA_Diff,rGoalsF,rGoalsA,GoalsF,xGoalsF,GoalsA,xGoalsA,SHGoalsF,xSHGoalsF,SHGoalsA,xSHGoalsA,HTGoalsF,xHTGoalsF,HTGoalsA,xHTGoalsA,rShotsF,ShotsF,xShotsF,rShotsA,ShotsA,xShotsA,rShotsTF,ShotsTF,xShotsTF,rShotsTA,ShotsTA,xShotsTA,rFouls,Fouls,xFouls,rFoulsA,FoulsA,xFoulsA,rYCard,YCard,xYCard,rYCardA,YCardA,xYCardA,rRCard,RCard,xRCard,rRCardA,RCardA,xRCardA
0,Stevenage,0.8515909336125903,96,112.73018090123628,92,0.8906796139789529,0.7155178920726092,1.2748257729421708,26,18,48,29.191192424231673,25.15660362854127,37.652203947227065,-43,-17.902185428718383,-16.1645957266675,-8.933218844614117,0.8519245583326179,1.0703033378463407,93,109.1645957266675,136,127.06678115538588,46,61.206070253376794,-79,-71.36440964970754,47,47.958525473290706,57,55.70237150567834,0.8313926985468839,825,992.3108555583215,0.9796262988118329,1057,1078.9828746757942,0.8409134119759331,353,419.78162670820006,1.044430661926773,485,464.3678299383404,0.9214071949712784,1116,1211.190889425155,0.7608521597042697,909,1194.713044322977,0.8932020663513108,147,164.57642177260988,0.7484252492402463,117,156.32823734737832,0.888915695647242,9,10.124694663476351,0.5308010725012787,5,9.419724750062473
1,Charlton,1.0868661119203475,293,269.5824230661751,184,1.094458456137343,1.0537640269358173,0.8414647604647193,80,53,51,73.09551089069464,50.295890394091174,60.608598715214185,61,25.4009407852312,13.987874102031952,21.611185112736848,1.0566282892031376,0.9024815236571073,261,247.01212589796805,200,221.61118511273685,134,138.81506423571628,-107,-124.33347420228483,127,108.19706166225177,93,97.27771091045202,0.995993259139777,2120,2128.5284619606855,1.056681199912058,2117,2003.442476478418,0.8648917616928489,789,912.2528794304778,0.8754087207507292,743,848.7463996963857,0.9602296494062678,2299,2394.2189260886967,0.9701050909718281,2345,2417.2638839064693,1.0456192930332828,328,313.68969775652323,1.017195487407932,332,326.3876060303992,1.114495687105021,21,18.842603199792492,0.6445838925798164,13,20.16804972890361
2,Scunthorpe,1.03136765590128,380,368.442812633997,276,1.0517907902933366,0.9510013006018944,0.9863303553057143,103,71,102,97.92822008954278,74.65815236536866,103.41362754508856,-13,-9.659383584912348,21.182345482013943,-24.522961897101595,1.06090071969282,1.0686001037360133,369,347.81765451798606,382,357.4770381028984,211,195.31877922116024,-215,-200.8913185686862,158,152.49887529682582,167,156.58571953421222,0.9787975572751104,3013,3078.266774988627,1.0349471149916154,3239,3129.6285124928736,0.9856837837384421,1292,1310.7651980433118,0.9865332444483976,1318,1335.9914705529625,0.8786560605435458,3173,3611.1968521985145,0.8787712672298189,3166,3602.7577574085817,0.8881687188616089,429,483.01633562355306,0.9046113637830501,433,478.65859012561,0.5440860384228507,16,29.407113710139313,0.6261507676564044,18,28.747070082452357
3,Carlisle,0.930534842144684,100,107.4650786525321,92,0.9056795015881455,1.0140207714193412,1.0568141019863235,25,25,42,27.603583780091625,24.654327312257223,39.742088907651166,-54,-25.134902958653512,-6.534296032419789,-22.3308010089267,0.9380836725303737,1.170895675349263,99,105.53429603241979,153,130.6691989910733,52,59.26361708396064,-84,-73.37734522438758,47,46.27067894845915,69,57.29185376668572,0.9800202334771774,956,975.4900637184276,0.9660551952726433,1061,1098.2809317645263,1.0094426322062793,415,411.11796427000405,1.0000901215065574,474,473.95728625531876,0.7644487651769555,928,1213.9466269988486,0.9091977347378097,1084,1192.2598996714382,0.79179434255297,131,165.44700177778333,0.8759125438331855,135,154.12497623245625,0.7816701818385191,8,10.234495553078006,0.8758991974476532,8,9.1334710926917
4,Lincoln,1.0025257113218153,119,118.70019756710306,81,1.0539474131551818,0.7755058588387403,1.1186036632070284,34,17,30,32.259674036501366,21.921175457598963,26.81915050589967,17,11.425361367281056,3.332708442636772,2.241930190082172,1.030389265525843,0.9771794977384463,113,109.66729155736323,96,98.24193019008217,72,61.618169080168485,-46,-55.20132495227536,41,48.04912247719474,50,43.040605237806815,0.9438945552064081,888,940.7830515621681,1.114903600443439,985,883.4844551656561,0.8013371808353488,323,403.07626767460204,0.8282116709681887,309,373.0930278231597,0.9388481498917244,990,1054.48362455012,1.0540983889374542,1122,1064.4167677089342,0.9851073749141772,137,139.07113426283655,1.1743156538567399,169,143.91360572003163,0.35899277465558727,3,8.356714150801945,1.1201059133714035,10,8.927727173496503
5,Southend,0.964757029158599,263,272.6074981069298,219,0.9946033287780847,0.8554060887332796,1.099110774644073,71,50,98,71.38524268486687,58.45177005232924,89.1629872628039,-52,-37.97164716437288,17.16793854151365,-31.196291377140767,1.0653190423049863,1.1037097963983349,280,262.83206145848635,332,300.80370862285923,148,147.6862573193897,-195,-168.98590573648738,132,115.14580413909663,137,131.81780288637185,0.9910061544682375,2358,2379.399955659484,1.0206221915460747,2620,2567.061564702146,0.9168414673640097,922,1005.6264172374549,0.9032566437710274,995,1101.5695338214741,0.9189118306186047,2647,2880.5810435785324,0.8541296919753028,2431,2846.17198399689,0.9191232018385165,358,389.50164600773303,0.9311992668058748,348,373.71163445358127,0.8368033136934647,20,23.9004789688564,0.807437535459505,18,22.292746137639455
6,Accrington,1.0056777257727283,162,161.0854012656239,127,0.9915797061071593,1.0583430789121084,0.9678456069238293,42,36,49,42.356655487522744,34.01543480305565,50.62790970942162,-27,-16.389497162486236,6.8034958710722435,-17.413998708586007,1.0441222445963085,1.1020833982668805,161,154.19650412892776,188,170.586001291414,88,86.49176073668681,-107,-95.89070095250773,73,67.70474339224094,81,74.69530033890626,1.2012117588843214,1666,1386.9328098714013,1.115125142758785,1639,1469.7901940809666,0.9607667915155096,566,589.1127847031369,0.9327417150559912,589,631.4717037874125,0.9254132783991793,1541,1665.2019545966423,1.0225065325827238,1688,1650.8451987454032,0.9536914111738876,214,224.39124175040007,0.8957119656697247,194,216.58748284661579,1.2366815810799705,17,13.74646494302456,0.6959049549298238,9,12.932800573186856
7,Oxford,1.01178628694061,319,315.28397263079796,219,1.041095428352586,0.884002959307424,1.0443194799630482,89,52,78,85.48688004598415,58.82333249284553,74.68978746117033,47,21.29954495280805,30.405195694996223,-4.704740647804272,1.1042720763405403,1.0174059310513988,322,291.5948043050038,275,270.2952593521957,185,163.92307353876257,-151,-151.68384551772314,137,127.67173076624121,124,118.61141383447259,1.140841453970126,2875,2520.069716957607,0.9807119460524495,2368,2414.572402764794,1.0025997378759743,1080,1077.1995634947996,0.8383007009826122,858,1023.4990845102448,0.9874376386681518,2817,2852.8383866342665,0.9522004867982897,2735,2872.2942677715428,0.9888344693049177,373,377.21176959192496,1.0540711718408053,408,387.07063706853717,0.48560198624312517,11,22.65229614298294,1.1342605555400558,27,23.804054428344713
8,Hull,1.1119635681651403,89,80.03859348275195,46,1.1893710460450375,0.6702765634264424,0.9680069906354224,27,8,11,22.701073890929074,11.935371809964735,11.363554299106191,42,23.79184517550641,7.723434143618249,10.484720680875341,1.1068594509452099,0.7837520659367022,80,72.27656585638175,38,48.48472068087534,41,40.80226813290285,-22,-27.187414268653427,39,31.4742977234789,16,21.297306412221914,0.9841303873573337,573,582.2399220276754,0.8957411782943404,418,466.65265606740394,0.7617650043278317,192,252.04623329922788,0.6466967854390492,125,193.28996651055905,1.0367978306401435,611,589.3145046636084,0.9883233420671665,603,610.1242117167562,0.8247305135941044,62,75.17607142945317,0.8543009308291002,73,85.44998298100109,0.23568348763408525,1,4.242978623740363,0.9600046842398747,5,5.208307919829544
9,Bristol Rvs,0.9117009719872808,261,286.2780758378321,218,0.9100336027038611,0.9181495562948025,1.13957139020302,69,54,95,75.82137604038964,58.813947716663165,83.36467624294718,-52,-16.558788455806166,-18.44435350126406,-16.996858042929773,0.931799820323563,1.0592218535554296,252,270.44435350126406,304,287.0031419570702,149,152.04954497173432,-167,-161.50129991787122,103,118.39480852952974,137,125.501842039199,1.107981049938487,2671,2410.691049407649,1.0150379325029506,2529,2491.5325024000012,0.8914000233419455,913,1024.2315190626473,0.8597562593747612,916,1065.4182391950724,0.876127900254116,2507,2861.4543598861064,0.9324959233483012,2654,2846.1250430675514,0.9191802897442037,353,384.0378258091625,0.9499054470463439,358,376.87961587458284,0.596517929797305,14,23.469537629417374,1.093520468124483,25,22.86194061175458
10,Portsmouth,0.9637869366306805,327,339.2866074146688,218,0.9896479068671143,0.8367010345781466,1.1551324372396918,93,48,77,93.97281533632106,57.36816140570563,66.6590232579733,45,56.39096563945816,-5.469537434262747,-5.9214282051954115,0.9824957738947163,1.0231234818426753,307,312.46953743426275,262,256.0785717948046,178,175.6939530767536,-153,-143.80401964847692,129,136.77558435750916,109,112.27455214632766,0.9779684754700528,2561,2618.6938170671356,0.9567875249517637,2237,2338.032156212298,0.8518042817323702,957,1123.4975222872633,0.8588458279505127,843,981.5498574542464,0.9620150465731726,2708,2814.9247869316196,0.9657165032875861,2766,2864.194606371242,0.9459337604304892,347,366.8332969129701,0.8972988265132927,352,392.2884880701283,0.697875209827151,15,21.493814064143624,1.0807306366536078,26,24.057798602348157
11,Swindon,0.9682280322825272,365,376.9773109538453,276,1.006878989274703,0.8074681162745714,1.1315671929210438,102,59,115,101.30313680840123,73.06790052864162,101.62896266295715,-7,-0.4386611146903192,16.750828099375724,-23.312166984685405,1.046888360889008,1.0651746154968802,374,357.2491719006243,381,357.6878330153146,225,200.6890982175453,-201,-200.88921564726448,149,156.56007368307897,180,156.79861736805012,0.9904087384853851,3090,3119.924007057413,0.9114732681349486,2846,3122.417408711798,0.9538964773103241,1267,1328.2363758932472,0.8950326012907476,1190,1329.5605079456022,0.8073064768030686,2908,3602.101659726145,0.9367906773035041,3373,3600.5909129123474,0.9968198228154502,478,479.5249743829545,1.038965675685174,499,480.28535655994693,0.8947503877729726,26,29.05838360653167,0.6597271053208319,19,28.799786831193043
12,Blackpool,1.0008598730033276,293,292.7482736627067,219,0.9782005957195902,1.0893748955136429,0.9554248023794829,76,65,78,77.69367584988271,59.66724611305858,81.63907803705871,4,-8.94915837587996,-22.055511213632485,35.004669589512446,0.9201047966161984,0.8771786103016168,254,276.0555112136325,250,285.00466958951245,136,155.2306826459639,-144,-160.28421169870202,118,120.82482856766859,106,124.72045789081042,0.9888516499386064,2416,2443.238073324749,1.0180856037238313,2533,2488.002964323527,0.8176766730911348,849,1038.3077173896265,0.8038374680915596,853,1061.159791450329,0.9048696925091899,2599,2872.2367668133656,0.8950371323562645,2562,2862.4510731250984,0.7631960611881735,293,383.9118345865755,0.8236942264124711,313,379.99537930870827,0.6435377240098127,15,23.308656882671386,0.6075635535932329,14,23.042856861972133
13,Port Vale,1.045580823788282,229,219.0170236388821,184,1.1148271356545492,0.8083418684960809,1.0383952001136725,63,40,81,56.51100335211231,49.48401358254516,78.00498306534254,-51,-44.65319047338858,1.220567066014155,-7.567376592625578,1.0057094690974835,1.0292818162538904,215,213.77943293398585,266,258.4326234073744,127,119.93499634940082,-155,-145.09487291119245,88,93.84443658458503,111,113.33775049618195,0.8592334888040993,1686,1962.2140221124448,1.0046342697464041,2191,2180.893152841646,0.8570544747761691,709,827.251966901129,0.9628966743082233,904,938.8338584194024,0.793801376544748,1922,2421.260603459855,0.8492558003311889,2023,2382.085585062922,0.9490747319686417,314,330.8485511448374,1.0262563447391526,318,309.86410133311017,0.7368394217033388,15,20.35721699759869,1.081669113597613,20,18.48994276399401
14,Bradford,0.9982548443569518,387,387.67655592925746,276,0.9884882500361694,1.0389195304940482,0.9821915065199218,103,78,95,104.19951880685599,75.07799950868943,96.72248168445459,-1,15.128455370149823,-26.65022872277575,10.521773352625928,0.9263093823640173,0.969636039747728,335,361.65022872277575,336,346.5217733526259,181,202.98459375215612,-197,-194.33288715203747,154,158.66563497061964,139,152.18888620058846,0.995346327767397,3134,3148.6527980966102,0.988817962261082,3037,3071.3438832112633,0.8868858708386755,1193,1345.1561685968122,0.8942322703590223,1168,1306.1483450279238,0.8616741793913008,3098,3595.3264866175664,0.908338661170034,3278,3608.7861720843166,0.8067400947387918,384,475.9897301550785,0.9850250186540964,476,483.2364569281597,0.7693456713692877,22,28.595728576524284,0.9178015167840315,27,29.418125276811224
15,Bolton,1.0849651065866766,112,103.22912628255335,78,1.0802759264899235,1.1045796903793852,0.8577393399499683,30,22,26,27.77068271573654,19.91707813534373,30.31223914891973,3,-5.359611397398808,-5.60264229014318,13.962253687541988,0.944309193450557,0.868233703968647,95,100.60264229014318,92,105.96225368754199,48,56.571278858029075,-53,-59.51086191290883,47,44.031363432114105,39,46.45139177463316,0.9835059395879894,864,878.4898649030499,1.0278155064617303,934,908.7233984388,0.8268796591451181,307,371.2753078451543,0.826109195490931,319,386.14749931506117,0.9272536079141923,948,1022.3740214206075,0.7975951359578343,811,1016.806602043865,0.8618000452324458,118,136.922712702078,0.7674002815575428,104,135.5224939309612,0.6121744861692862,5,8.167605989736295,0.874132970691609,7,8.007934987810424
16,Sunderland,0.9949702529029492,221,222.11719330824724,127,0.921797864767136,1.4090572061366422,0.7160562201939937,58,47,22,62.92051893031009,33.35563651731697,30.72384455237295,78,67.69943939001615,-2.80075431423478,13.101314924218627,0.9860520727434526,0.9015688542845886,198,200.80075431423478,120,133.10131492421863,96,113.15664597883651,-59,-74.74480366744035,102,87.64410833539827,61,58.35651125677827,0.9628434720512934,1558,1618.123864599459,0.9866143204405551,1265,1282.1626179469367,0.8009316470865092,560,699.1857570331641,0.8519147218160475,450,528.2218847453697,1.0307752384115225,1677,1626.9308162508278,0.976738311401014,1649,1688.272058904608,1.0460631136735254,217,207.4444621586431,0.9528779431834485,227,238.2256842273217,1.1025024414856548,13,11.7913571080007,0.8097975037789349,12,14.818519375525092
17,Shrewsbury,0.9739784113959356,432,443.5416585680215,356,0.9383537389692288,1.0991684585549126,0.9814318874674143,108,108,140,115.09518800301984,98.256094558962,142.64871743801814,-69,-56.918042000287585,-32.39737051661592,20.315412516903507,0.9240207075447867,0.957966553536728,394,426.3973705166159,463,483.3154125169035,228,239.15445362981092,-252,-271.78563100175825,166,187.242916886805,211,211.52978151514526,0.9383086816582239,3626,3864.39992603709,0.9710160129863608,4018,4137.933820105229,0.851009144616495,1393,1636.8801778596066,0.8958017984027601,1592,1777.1788389335463,0.9178455379460017,4296,4680.52610422206,0.8611047844667918,3989,4632.421131500326,0.8338333192549438,528,633.2200786504725,0.8000823907672412,486,607.437440953986,0.8190175786739525,32,39.07120046411002,0.6628922918161418,24,36.204976730452884
18,Bury,0.8638766641026329,187,216.46608569320432,184,0.8264763772189949,0.9900556729479267,1.1287274238516667,46,49,89,55.657973135039995,49.492166288084306,78.8498605768757,-87,-48.66079517220666,-8.654200695281617,-29.68500413251172,0.9591116043676304,1.1140349369178204,203,211.65420069528162,290,260.3149958674883,112,118.84689604136834,-153,-146.33469669750656,91,92.80730465391328,137,113.9802991699817,1.0316680802176483,2015,1953.1475661967759,0.9791289694316081,2146,2191.7439550846602,0.9966139103679389,820,822.7860272362293,0.9639073404382776,910,944.0741467807823,0.8814671301644683,2138,2425.5016742383596,0.8071533710280298,1926,2386.1636079732316,0.9224343897171223,306,331.73091052452986,0.7756606051473497,240,309.4136770738898,0.7801190442146733,16,20.509690307723236,0.5453460776655845,10,18.33697978136403
19,Notts County,0.9718186194994559,165,169.78476918355892,138,0.973513634795263,0.9657929842504802,1.0432316794575924,43,36,59,44.16990010524425,37.275068867826164,56.55503102692959,-19,-26.463006718419507,6.005338944619297,1.4576677738002104,1.0366191125123965,0.9923464999291526,170,163.9946610553807,189,190.4576677738002,92,92.05456628638865,-109,-107.07494444174361,78,71.94009476899205,80,83.3827233320566,0.9602048588519309,1431,1490.306976483097,1.1487239477703428,1858,1617.4469102053213,1.0120464686706105,638,630.4058358486789,1.2001303729363126,836,696.5909861564382,0.892315205364995,1622,1817.7433156443108,0.8845884194157083,1587,1794.0546870919372,0.9995331860456028,246,246.1148898649739,0.9519917762491291,223,234.24572098576886,1.3975481206541884,21,15.026316224567609,0.42776016336032346,6,14.026551591121178
20,Bristol City,1.111781180588784,157,141.2148386221603,92,1.079486980636639,1.2656818563970509,0.6643379278971427,42,31,19,38.90737058748967,24.492726859691302,28.59990255281903,61,21.79613840308896,36.24494331007847,2.9589182868325707,1.2793335707655216,0.9725921828989513,166,129.75505668992153,105,107.95891828683257,97,72.946586111671,-54,-60.656628318513484,69,56.80847057825053,51,47.30228996831909,0.9611878724019515,1054,1096.5598196387107,1.0572513118217972,1042,985.5745633500165,0.937144928616562,441,470.57822811997266,0.9834228611339803,408,414.8774816252869,0.7562198814927799,902,1192.7747763249095,0.7786208976122461,943,1211.1157084170825,0.6750594494071978,105,155.5418564871665,0.8099245789956495,134,165.44750397150224,0.4302776690913215,4,9.296322554799017,0.39400254745650354,4,10.15221862351432
21,Sheffield United,0.9915925068817417,379,382.2134570095132,229,0.9703438861943817,1.1041899854501684,0.9485875609636967,104,67,58,107.17849772607983,60.67796383127374,61.14353844264643,80,98.09389314943584,-22.68520313979002,4.591309990354176,0.9347536135132296,0.981604688117821,325,347.68520313979,245,249.59130999035418,202,195.52324840618866,-142,-140.13153654652848,123,152.16195473360136,103,109.4597734438257,0.9123563713990092,2593,2842.0911841979996,0.8995631422102283,2127,2364.4810466266517,0.8858683743115806,1087,1227.044594344754,0.856446380678689,841,981.9645677450951,0.8578985416976354,2525,2943.238480162764,0.9138603415208579,2768,3028.9092044343006,0.8904764755532759,337,378.4490767042591,0.948742432195324,400,421.6107411517664,0.45921056541934974,10,21.77650244364049,1.117524510909242,29,25.95021381356994
22,Wolves,1.2034810722580433,103,85.58506018440758,46,1.255632285149848,0.8681467360549253,0.5105972818053,31,10,5,24.688756705790215,11.518790067036925,9.79245322717286,58,31.924660284356804,11.384132377258538,14.691207338384658,1.1466727452251397,0.6784675171837111,89,77.61586762274146,31,45.69120733838466,48,43.880392279921445,-21,-25.780203021260675,41,33.73547534282002,10,19.911004317123982,1.0346419005882697,631,609.8728455142116,0.9973157226349618,451,452.2138674485485,0.9895584472554552,261,263.7540013163292,0.8899322812689322,163,183.1600037786947,0.8459507225834725,494,583.958364018367,0.7100855740008044,435,612.6022213760778,0.8502534700725531,63,74.09555175896446,0.7442181792134468,65,87.33997880661494,0.24851903972703873,1,4.023836568410821,0.9367382560927726,5,5.337670333712527
23,Crawley Town,0.9932994823396512,175,176.18050055538043,138,0.9713791491034042,1.075186683825884,0.972989945741441,45,40,53,46.325886283986634,37.20284170342052,54.471272012592856,-31,-16.849441158133544,-9.321599923268366,-4.82895891859809,0.9449473668599124,1.0259382924999956,160,169.32159992326837,191,186.1710410814019,99,94.97893927631429,-113,-104.49930213460448,61,74.34266064695407,78,81.67173894679743,0.9525321962733455,1441,1512.8097566021593,0.9916483810624854,1585,1598.3488001077335,0.9900323108805142,636,642.4032761459621,1.0649832965123782,731,686.3957419744411,0.8036846808599875,1454,1809.1672450993328,0.8406483129439236,1509,1795.0431551043384,0.8006718685104286,195,243.5454618416635,0.7989011120219844,189,236.57496172667618,0.8042257021081027,12,14.921184399534372,0.915152347921722,13,14.205285086709914
24,Wigan,1.053062658680581,230,218.41055525430465,137,1.061956780656832,1.0061153623834742,0.9023295843690594,65,35,37,61.20776399186112,34.78726327872129,41.0049727294176,73,43.302224517247254,19.994526842423795,9.703248640328951,1.0980097569587253,0.9396200840840134,224,204.0054731575762,151,160.70324864032895,122,114.6112417143342,-89,-90.24394742494854,102,89.394231443242,62,70.4593012153804,0.9486080085935114,1595,1681.4110628950789,0.900475913634181,1321,1467.0020374766596,0.8645268695241299,621,718.3119714275892,0.7565814105284061,461,609.319755395565,0.9558864385170951,1686,1763.8078458520233,0.887554967791808,1604,1807.2120130099336,0.8658055070523442,200,230.99876169753742,0.9751765278897686,243,249.18565311025213,0.7442792456673409,10,13.435817347068074,0.9382553754968685,14,14.921310727994571
25,Chesterfield,0.9019414777515022,159,176.2863821235714,138,0.9235958647912337,0.8193384948754812,1.1855270082919969,43,30,65,46.55715951014957,36.6149035931227,54.82793689672772,-34,-17.681446909013147,-0.1560425423773779,-16.162510548609475,0.9990775230962365,1.0865057146510977,169,169.15604254237738,203,186.83748945139052,96,95.04617407372196,-123,-104.90979058839656,73,74.10986846865542,80,81.92769886299396,0.9275858744683281,1406,1515.762625003198,1.0210081029096583,1636,1602.3379200789338,0.8394044975010903,539,642.1218871290357,0.9941468211098128,682,686.0153706860435,0.7888727702673922,1428,1810.1778307241768,0.7972916711000155,1431,1794.8262246683994,0.8574254284348487,209,243.7529761410392,0.8465088483276845,200,236.26451205455066,1.2913824970788033,19,14.712914293773778,0.7681791014580471,11,14.319577269313083
26,Plymouth,1.0792184417457165,171,158.44799661076468,138,1.1326889215942637,0.901294190488242,0.9707993899130946,46,33,59,40.611326837429324,36.61401609847668,60.774657064094,-52,-41.68221025263662,10.360668618094763,-20.67845836545814,1.0661434680976403,1.1042673337199218,167,156.63933138190524,219,198.32154163454186,88,87.9098318696751,-125,-111.46950083512635,79,68.72949951223013,94,86.8520407994155,1.0871814538167963,1582,1455.1388771819381,1.1353230111687755,1882,1657.6780189300896,0.8824273963652886,540,611.9483622383617,1.023052558970238,731,714.5282943583995,0.8017503504557887,1459,1819.7684593097715,0.9507607775982657,1695,1782.7828407917402,0.7483910256275265,187,249.86937790067748,0.9346067634547282,216,231.11324296602197,0.8410571458014884,13,15.456738064583714,0.7316604117779341,10,13.667542809511875
27,Coventry,0.9752844264943095,421,431.6689455539629,310,0.9581057749463736,1.0462719027951382,1.0087401632693027,111,88,111,115.85359665138519,84.10815559980736,110.03824774880745,-2,10.75505725393208,-6.311053161280029,-6.444004092652051,0.984273911442096,1.0164995651332434,395,401.31105316128003,397,390.55599590734795,207,225.59550453444405,-241,-219.20071253619474,188,175.71554862683598,156,171.3552833711532,1.0434669377117387,3663,3510.4130927547567,0.9780589188157013,3384,3459.914259661956,1.0031726528229392,1504,1499.2434211276864,0.9573212518857025,1410,1472.8598129652137,0.854345175532411,3458,4047.5443638398765,0.8767144424187528,3558,4058.3339658280215,0.7806125866127668,420,538.0389801584721,0.8815766578130126,479,543.3446947067405,0.5233046942029218,17,32.485854203723065,0.4524876269109555,15,33.15007772124525
28,Yeovil,1.0086480656039007,117,115.99685161736707,92,1.086460685233175,0.7236098077025049,1.1156201623750632,33,18,41,30.373855629131736,24.875284729971867,36.7508596408964,-24,-14.251417086238504,-3.691272903890294,-6.057310009871202,0.9666525390208919,1.0484807075175808,107,110.6912729038903,131,124.9426899901288,63,62.11601889741348,-77,-70.1753299472729,44,48.57525400647681,54,54.76736004285589,0.9278452829078785,929,1001.2445146980783,0.9131286264372257,975,1067.757566427612,0.9198385913827384,391,425.07457684748044,0.9910193956906282,455,459.12320382278347,0.944798429624367,1139,1205.548151104404,0.7832397248248321,935,1193.7596758248037,0.902986048492998,147,162.79321285786165,0.8245445392242857,129,156.45000829350045,0.6027354852599284,6,9.954615493415844,0.6426026014478363,6,9.337030361348535
29,Colchester,0.9109970966229838,196,215.1488744877028,184,0.9041171460817039,0.9341776341996635,1.1075275655487293,50,46,88,55.30256805403131,49.241170325608906,79.45626162035978,-90,-49.72681995821668,3.5339263946011954,-43.807106436384515,1.016711552516909,1.1677193657097527,215,211.4660736053988,305,261.1928935636155,120,118.48292758746838,-168,-146.8376794873119,95,92.98314601793042,137,114.35521407630357,1.0089604842309883,1969,1951.5134941094714,0.9948556131163038,2183,2194.2882677838356,1.051151506586542,865,822.907063900768,1.0615625004115774,1004,945.7756840607501,0.726885322595214,1763,2425.4169745862027,0.7004963170081614,1669,2382.596395550435,0.7547750889795473,250,331.2244980660384,0.7323155185933332,226,308.6101472137469,0.6831121187986827,14,20.49443951400002,0.49563943961685436,9,18.158361261479307
30,Leyton Orient,1.035579275666508,206,198.92248217058665,138,1.0779269957665563,0.8532984759659532,1.0280247098419741,58,32,48,53.8069834300364,37.50153188047743,46.691484689486174,37,14.598512993452943,15.363305797300796,7.038181209246261,1.0836614156228639,0.9583633640701922,199,183.6366942026992,162,169.03818120924626,108,103.19362613425001,-88,-94.7208731174841,91,80.4430680684492,74,74.31730809176216,0.9467275441945433,1499,1583.3488834164204,0.9640969652583812,1462,1516.444976681551,1.0330187738459755,703,680.5297423421448,1.0000079209296004,646,645.9948831200086,0.9086487567771591,1633,1797.174087148929,0.907805426092323,1645,1812.0623128250668,0.9951421969699003,235,236.14715637177224,0.9028228800198904,220,243.68013357742228,0.41921880221237734,6,14.312335153709027,1.1390513405274703,17,14.92470040211503
31,Luton,1.134861677872054,94,82.82947766485222,46,1.1357215468765427,1.1295332252838646,0.5598378926157997,27,13,6,23.773432910782844,11.50917893250369,10.71738815671347,48,27.536314481950086,15.097518117658325,5.366167400391589,1.201562321277602,0.8867088537049923,90,74.90248188234168,42,47.36616740039159,50,42.186809459075555,-23,-26.60879915058028,40,32.71567242326612,19,20.75736824981131,1.037283655477894,619,596.7509434194413,0.8282900743672362,382,461.19108730335205,1.0619363826988288,274,258.0192226804117,0.7812761733014278,148,189.4336536267303,0.8949397307893433,526,587.7490761708212,1.2053862064440473,737,611.4222944148239,0.8599992740418098,64,74.41866747074553,1.1022011799602365,95,86.1911615839744,0.9551636800876048,4,4.18776392296777,0.9475245985589403,5,5.276907858227997
32,Preston,1.0394302667754036,233,224.1612616523373,138,0.9928066776304663,1.2767017555705438,0.7486349084151122,62,47,29,62.449217352139016,36.81360959592025,38.73717305194073,70,49.07333704879011,2.041228121565638,18.885434829644254,1.010057353533792,0.877276008281414,205,202.95877187843436,135,153.88543482964425,111,114.15767934515324,-78,-86.34098517554423,94,88.80109253328112,57,67.54444965410002,1.056799527582256,1778,1682.4382994073676,0.8455527368815258,1218,1440.4778636186468,1.054937848253823,766,726.1091269669726,0.8418195099918896,508,603.454771444884,0.9861512229611278,1755,1779.6459195479583,0.7984896875018366,1454,1820.937731267388,0.9599221113099857,220,229.18526139560487,0.7549782048207367,190,251.66289408992134,0.6808156344267453,9,13.219437899040178,0.7739263784915096,12,15.50535081048623
33,Blackburn,1.1456109183655918,96,83.7980840274814,46,1.1653800250110422,1.0240137898078736,0.5850855531184276,28,12,6,24.026497279061132,11.718592190297995,10.254910530640869,42,29.552359038278453,5.513017745423753,6.934623216297794,1.0720778566877491,0.8522493046478792,82,76.48698225457625,40,46.934623216297794,50,43.135905336773675,-20,-26.375576399912774,32,33.35107691780257,20,20.55904681638502,0.9092135656668401,547,601.6188282439632,0.9595909296504845,439,457.4866085488101,0.8753347387982942,228,260.47178284391003,0.8392857011050023,157,187.0638327250113,0.9594399460410964,562,585.7583919858257,0.7737582975724114,473,611.3020066912236,0.939340147680292,70,74.52039623012554,0.5789660089647614,50,86.36085577701547,0.70954493321,3,4.22806204312942,0.3784562547874514,2,5.284626623817434
34,Gillingham,1.0960065120364748,460,419.7055354582522,356,1.108885459042243,1.0520199378548225,0.8904719518095866,120,100,136,108.2167675853964,95.055232702063,152.7279997125406,-35,-92.6151668130625,53.955913031152704,3.659253781909797,1.1309469416927516,0.9927490603719492,466,412.0440869688473,501,504.6592537819098,277,231.54895020939904,-260,-283.8908649055698,189,180.49513675944826,241,220.76838887634,0.9852987684459061,3734,3789.7134550260025,1.092172677786683,4639,4247.496842166989,0.8737263574964473,1392,1593.1761564211024,0.9525694307631046,1739,1825.588711792782,0.972679273666633,4562,4690.137976111062,0.8618073453405747,3970,4606.59800762212,0.9001412197293667,578,642.1214664225458,0.8834816413920032,529,598.7673939285414,0.5811952064312763,23,39.57362301941085,0.8206204948685972,29,35.339112514663256
35,Rochdale,0.9682041451465568,389,401.7747723452652,310,0.9781104735501503,0.9300370649393329,1.0671727940185682,104,77,129,106.32745769761726,82.79239925241342,120.88014304996933,-54,-32.22003271960318,31.34906475481273,-53.12903203520955,1.081926011064694,1.1280615809195849,414,382.65093524518727,468,414.87096796479045,226,214.9020333201869,-246,-233.2563667320851,188,167.74890192500038,222,181.61460123270535,1.0117075637644117,3454,3414.0300257795693,0.9988214162397376,3570,3574.2125088186203,0.8802145180204339,1276,1449.6466189511066,0.9201067367425684,1408,1530.2572449199843,0.9408560586874285,3826,4066.509392879485,0.8107201451044982,3273,4037.1514384635466,0.879844430486265,481,546.6875544511488,0.7500548653721978,400,533.2943208114636,0.8110679969626202,27,33.289440714111116,0.7440759670352871,24,32.254771103044945
36,Rotherham,1.1370674636781344,227,199.63635162482854,127,1.1925226162771343,0.863049910165127,0.8409241410279449,66,29,32,55.34486231048723,33.60176469336685,38.05337299614592,71,36.42982540372179,38.02421701134858,-3.4540424150703757,1.2089520725607752,1.0237316272631953,220,181.97578298865142,149,145.54595758492962,121,102.28389627720104,-82,-81.6545249403793,99,79.69188671145038,67,63.89143264455032,1.0954373717435046,1665,1519.9408409355033,0.8818101062483731,1186,1344.9607705742806,0.9933862664688158,652,656.3408635773278,0.8394016758661029,475,565.8792609746583,1.0037979987101988,1650,1643.7570129848036,0.8938277097672015,1498,1675.9381966242195,0.9447520059304535,201,212.75424528158803,0.8054247011480802,185,229.69248365029605,0.7973163891701052,10,12.542072552162889,0.5641724913933398,8,14.180060392952441
37,Ipswich,0.9852686823386007,118,119.76428573769255,81,0.9839071013784235,0.9912544946675984,1.0272993118078346,32,22,27,32.52339570999029,22.194098607721678,26.282505682288036,5,13.798427991383903,-23.606880794942384,14.808452803558481,0.7865695097332333,0.8470334730624457,87,110.60688079494238,82,96.80845280355848,46,62.194760062989445,-38,-54.21196672791858,41,48.41212073195294,44,42.5964860756399,0.9134439468679167,862,943.6813314661381,0.9876638262058123,869,879.8540322554197,0.7174906626310481,290,404.18644465220774,0.7741905224121588,287,370.70978227140927,1.0605704750198954,1117,1053.2067658955393,0.955820920060664,1018,1065.0530644750793,1.062472439848559,147,138.3565300018068,0.9739266835919619,141,144.77475807519164,1.211827299486804,10,8.252000928048819,0.6705214216721795,6,8.948259975105497
38,Bournemouth,1.0764868261018468,83,77.10266209253855,46,1.1081110909993965,0.9070498787706613,0.9005841494314751,24,11,11,21.65847828339539,12.127227242352394,12.214294474252217,23,20.055948407149813,5.849158028568894,-2.9051064357187073,1.0833797266603151,1.0579920672351744,76,70.1508419714311,53,50.09489356428129,46,39.28903975577547,-27,-27.96145461685948,30,30.861802215655636,26,22.133438947421812,1.0125459665198697,579,571.8258915099218,0.8843936507049923,419,473.77092730821295,1.2269490248770112,303,246.95402486698467,0.9723632948296964,192,197.45706262352041,0.674868022571456,399,591.226709008506,0.7716312538204857,468,606.5073150975255,0.8076386491135563,61,75.52882723845875,0.7508213158938679,63,83.90811324395769,0.2293936874805664,1,4.359317865208114,0.9479293101591103,5,5.274654920376656
39,Oldham,0.9215144666854299,321,348.3396209227144,276,0.8477829717001135,1.1863299042710593,0.9971581692819722,77,90,109,90.8251316319635,75.8642260268239,109.31064234121261,-79,-39.19966486644569,-49.93018071731262,10.12984558375831,0.8500280731241131,0.9727787338103245,283,332.9301807173126,362,372.1298455837583,159,186.81387950151628,-203,-209.01915683391076,124,146.11630121579634,159,163.11068874984755,0.965789075986327,2904,3006.867723197475,0.9331963910565096,2984,3197.612023147338,0.8816794314935641,1123,1273.7055667700438,0.9005411918573232,1235,1371.3975675592046,0.8609215074563336,3119,3622.862215645365,0.8700770412393805,3122,3588.1880017807043,0.9048442356204202,443,489.5870278670122,0.8871019251311031,418,471.1972639877031,0.9977122202303259,30,30.068790771224972,0.6044428627443539,17,28.12507359722116
40,Walsall,1.0028869711192123,426,424.77369062297026,322,0.9617980967068069,1.1603481437406369,0.919497438305917,108,102,112,112.28967947617238,87.90465219445313,121.80566832937448,-17,-19.86278838196563,-13.98196953095129,16.84475791291692,0.9652174212010901,0.9600688224828096,388,401.9819695309513,405,421.8447579129169,221,225.68811761298372,-229,-237.0870297768627,167,176.29385191796757,176,184.75772813605423,0.9917893876630963,3544,3573.339303771489,0.9558560070440082,3507,3668.962661902836,0.9480850114799635,1442,1520.9606549406722,0.9243966520336527,1452,1570.7542825967957,0.7647961895073682,3228,4220.732326189108,0.825513639963559,3468,4201.02083371159,0.642710066036146,363,564.7958841515715,0.8168680842513689,454,555.7812929073795,0.4361715410172212,15,34.39013917555836,0.7435165989640132,25,33.62399714388894
41,Milton Keynes Dons,0.9214142718051453,429,465.58862080521595,311,0.9243917584155352,0.9076155869303428,1.1716299810069477,118,75,118,127.65150589643866,82.63410311589995,100.71439098766137,39,55.98138496272372,-0.7693683465153072,-16.212016616208416,0.9982098111145628,1.04337222526376,429,429.7693683465153,390,373.7879833837916,228,241.6404359816296,-200,-209.9412139941756,201,188.1289323648857,190,163.846769389616,1.0468481367404765,3821,3650.004108425195,0.9580584833390543,3237,3378.7081439102863,0.9595902549179852,1503,1566.2935219454257,0.9114805057684507,1301,1427.3481350027923,0.8525408228813455,3441,4036.170359995664,0.9550651740492286,3899,4082.4439063873006,1.0278897084984135,544,529.2396601525461,0.8863973532749104,491,553.927646766923,0.73457121398339,23,31.310783164612374,0.650272003271095,22,33.831996286680535
42,Millwall,1.0293561288104902,154,149.60808576324337,92,1.0560975713286689,0.8935957253776198,1.0109828304944135,44,22,26,41.66281714353714,24.61963433263195,25.71754852383091,33,33.111774950361735,3.929114495383459,-4.040889445745194,1.0290892776833773,1.0396324509284036,139,135.07088550461654,106,101.9591105542548,69,75.94223758876296,-57,-57.33647335895617,70,59.12864791585358,49,44.62263719529864,0.8770286218126283,984,1121.9702248328965,0.8765494403575644,841,959.4438844852117,0.858248317888637,414,482.3778752266883,0.8420428043375894,337,400.2171840481531,0.9555073739983637,1135,1187.850592141996,0.824793777657308,1003,1216.061550377911,1.1071625896832409,169,152.64244075330515,0.8392104641966293,141,168.0150641769921,0.674832571125533,6,8.891094260599752,1.058298654680061,11,10.394041371360771
43,Crewe,1.0524821749078463,264,250.83560205959347,229,1.081691755614298,0.958487402175746,0.974065897499255,69,57,103,63.788967274521355,59.468700236029406,105.74233248944924,-109,-88.48233952151207,-3.85705355764793,-16.660606920839996,0.9848658159395401,1.048525183118148,251,254.85705355764793,360,343.33939307916,130,143.20152964079037,-201,-193.2213462408901,121,111.65552391685756,159,150.1180468382699,0.866697898089158,2070,2388.3754703499435,1.0447038422656594,2946,2819.9379391684643,0.9323466902594241,927,994.2653410847242,1.0237733581479798,1244,1215.1126908111903,0.7136444719855239,2160,3026.7172027415563,0.957301139687861,2823,2948.915323469135,0.5899280755223578,247,418.6951091983397,0.8986627148295335,342,380.5654717352702,0.312539781699457,8,25.596741497992475,0.6835254818067817,15,21.94504872056867
44,Tranmere,0.9630369462905177,146,151.6037370761022,126,0.9916600046754355,0.8625881803846774,1.093261759006151,39,29,58,39.327995296900646,33.61975118540025,53.052253517699114,-41,-28.334755185551018,-2.541500667571313,-10.12374414687767,0.9828902989659498,1.0572363096338064,146,148.5415006675713,187,176.87625585312233,88,83.46515723001238,-109,-99.59562274888104,58,65.07634343755893,78,77.28063310424129,0.9021432138398204,1223,1355.66058829452,1.0561603439778333,1581,1496.9317954558442,0.8246520199162647,471,571.1499985749449,1.0293339879452093,661,642.1628040472172,0.770038070682765,1277,1658.3595650897237,0.8988521271019291,1469,1634.3066403328617,0.8676417008259373,196,225.89970008751425,0.897868683624689,191,212.72598486109848,1.1526455937045181,16,13.881109759485721,0.32059133362562225,4,12.476943636508558
45,Fleetwood Town,1.034506522371555,434,419.52369619195485,311,1.0423726832387081,1.0038522924883713,0.9557592896365682,116,86,109,111.28457399668393,85.66997420190305,114.04545180141304,27,-6.708730531073115,-11.052399276972437,44.76112980804555,0.9718805958256367,0.8880303099264838,382,393.05239927697244,355,399.76112980804555,218,220.71630287643325,-211,-224.73612817216002,164,172.3360964005392,144,175.02500163588553,0.9425275468230857,3274,3473.638527632908,0.9641097248282553,3379,3504.787798506989,0.8524486607633794,1264,1482.7872435954919,0.7873255727346602,1179,1497.4745401764558,0.8605269466050667,3501,4068.437384572411,0.8362662043611507,3398,4063.2994401535525,0.9818093398287131,533,542.8752593583877,0.7870427439606366,425,539.9960844074005,0.633331374803479,21,33.1579972751488,0.33600824182989714,11,32.73729221668529
46,Northampton,0.936256729182903,145,154.8720510949443,138,0.9405064781331621,0.9226460229704866,1.0839852464534097,37,34,67,39.34050520677151,36.85053547462978,61.80895931859871,-73,-47.59036807565343,-10.585198777752964,-14.824433146593606,0.9315251468999222,1.07332455339345,144,154.58519877775296,217,202.1755668534064,70,86.71670050529343,-138,-113.79078202851775,74,67.86849827245953,79,88.38478482488864,0.9251849777435772,1337,1445.1164168929695,1.0517224565241194,1762,1675.346940696984,0.8256933665655508,500,605.5516735949284,0.9243961682859085,669,723.7156783552174,0.9376555456631042,1708,1821.5644411211933,0.9164430503182831,1630,1778.6157027803274,0.9464584149923672,238,251.46376875091696,0.7916670767416629,182,229.89461775911428,0.9633584139739106,15,15.57052887317827,0.592886094698282,8,13.493316965160359
47,AFC Wimbledon,0.9338646799230013,246,263.4214627544144,219,0.8678191393459563,1.1604066414316558,0.9939753113668621,59,69,91,67.98651622786996,59.461914070804525,91.5515697013255,-64,-49.18532284786812,-22.201550778365743,7.386873626233864,0.9133434176689593,0.9758114239210074,234,256.20155077836574,298,305.38687362623386,125,143.93176994160459,-156,-171.62787541207436,109,112.26978083676116,142,133.7589982141595,0.9814972411433527,2303,2346.4151537677476,0.9950185168474581,2576,2588.896544520201,0.7995657093460509,791,989.2870476485833,0.865710047582525,962,1111.226562157113,0.9494916549376547,2740,2885.7546938418463,0.8166363447060391,2325,2847.0444832294597,0.7737553810762877,304,392.8890285417316,0.7219013666367244,268,371.2418515684333,0.3692278959821361,9,24.375189680780338,0.7273882833017505,16,21.996504985443302
48,Hartlepool,0.8419083349527309,41,48.6988883443017,46,0.7402310799703548,1.1453074515248853,1.0639359550085863,9,14,23,12.158365466578946,12.223791944564859,21.617842588856192,-28,-19.882918381605073,-10.883937326331427,2.7668557079365,0.7818147902975112,0.9603414016604198,39,49.88393732633143,67,69.7668557079365,22,27.916752941977762,-38,-39.21634817196955,17,21.967184384353665,29,30.55050753596695,0.8741760958280532,415,474.73272488296084,0.9739823918201286,556,570.8522091051108,0.9932404922957037,196,197.33387988137684,1.2413798524922095,306,246.4998923461426,0.7410854349478513,450,607.2174391494627,0.7853418387145598,463,589.5521888377093,0.7105059681587488,60,84.44686278355675,0.6484706462073513,49,75.56240253368699,0.5740026477632815,3,5.226456727490914,0.6850295981059085,3,4.379372815853407
49,Wycombe,1.0724427982118145,112,104.43447444166551,80,1.1258409363530182,0.8703796350750125,0.9792569886991966,31,19,30,27.53497319116815,21.829554868161075,30.63547194067078,-7,-5.851003078895616,1.0827524564981417,-2.231749377602526,1.010946043115706,1.0213017719046025,100,98.91724754350186,107,104.76825062239747,58,55.55989606857282,-62,-58.77116779243494,42,43.35735147492904,45,45.99708282996254,1.052934181833603,932,885.1455447832403,0.9997319335480838,911,911.2442740193653,0.9059616756766605,341,376.3956127010648,0.8745891635074451,341,389.89735321262896,1.0630903075634364,1116,1049.7697063552678,0.9756039131440997,1020,1045.5062615655406,0.9118649040145257,128,140.37167066796223,1.0430643538171092,144,138.05476092920816,1.0445681268329965,9,8.616000975720851,0.5980746922314796,5,8.360159801018288
50,Brentford,1.1018428970606584,173,157.0096793848788,92,1.108062406331951,1.0679516554958326,0.7254728515563583,49,26,17,44.221336018614714,24.345671329034666,23.432992652350624,44,44.42732567383041,-8.423922965880536,7.996597292050126,0.9408531741686501,0.9183992351467203,134,142.42392296588054,90,97.99659729205013,72,80.156732984077,-50,-55.02450539306422,62,62.26718998180353,40,42.97209189898591,1.06017635352532,1226,1156.4113799777556,0.8512867432506772,800,939.7538565503364,1.0733021408574643,536,499.3933950153011,0.9543552497497007,371,388.74412866414514,0.8633510435307656,1018,1179.1263908557764,0.8537686446319528,1040,1218.1285955381143,0.9566180729630616,144,150.5302942416397,0.829553359862359,141,169.9709829677442,1.036089966165496,9,8.686504351845462,0.5727250953852572,6,10.476230303761977
51,Burton,1.0418016231612657,253,242.84853697222246,173,1.0555725934542177,0.9840321713280605,0.9525968912068895,69,46,58,65.36736594705144,46.74643913106814,60.88619492188043,17,9.595339934628072,7.551343006189256,-0.14668294081732824,1.0333468217760093,1.000676415481241,234,226.44865699381074,217,216.85331705918267,131,127.19438565049143,-117,-121.92605194532415,103,99.25427134331932,100,94.92726511385852,1.056466557363067,2083,1971.666765485841,0.944406442094323,1819,1926.0775010875313,0.8398785538833176,708,842.9790196766482,0.7931801407489266,650,819.4859737489962,0.894347888108712,2020,2258.6289148305787,0.9163937522426187,2077,2266.4929730447425,0.7917240834391644,237,299.3467104985583,0.8364134685431116,254,303.67755847167825,0.6663182036038262,12,18.00941342304203,0.6477314904432007,12,18.52619515501582
52,Barnsley,1.0888712762485413,227,208.47275977567978,138,1.1334634232565903,0.8783081113608251,0.9271831605839824,65,32,41,57.34635866170821,36.43368379055515,44.219957547736655,58,27.992280225963555,19.436290627571907,10.571429146464538,1.1009343385153696,0.9357638856191969,212,192.5637093724281,154,164.57142914646454,122,108.3844522022164,-85,-92.42971968560991,90,84.1792571702117,69,72.14170946085463,1.0260670534422343,1674,1631.4723237473518,0.8658805337017699,1294,1494.432487664268,0.9384399424222519,656,699.0324796989855,0.8665861195697572,545,628.9046035846751,0.8506600550783447,1522,1789.1988590669462,0.7934265759922953,1440,1814.9127387106623,0.9607054203885507,226,235.24380648190353,0.8349249194793268,206,246.72877188581828,0.7913338088799503,11,13.900581368524293,0.73874625992599,11,14.890092304632468
53,Doncaster,0.9933238523766337,438,440.9438059420783,310,1.0013361103430338,0.95948644451191,1.0305547867285592,119,81,110,118.84121502342849,84.42016087179286,106.73862410477865,30,25.333745465425068,1.9439735663640931,2.722280968210839,1.0047639869048233,0.992887059093283,410,408.0560264336359,380,382.72228096821084,240,229.15026964338418,-209,-214.98722083102513,170,178.90575679025173,171,167.7350601371857,0.9970956677348887,3534,3544.2938068602984,0.9774948855751744,3343,3419.9667428775574,0.9059745723396485,1375,1517.702639765164,0.8621152158445782,1255,1455.7218999673137,0.8502632974829021,3439,4044.6294814567773,0.8831599227629845,3589,4063.816651430171,0.8380181118252175,447,533.4013593410607,0.881437612553039,481,545.6994268792412,0.34284226001269524,11,32.08472607662975,0.6274286849811131,21,33.46993929777396
54,Peterboro,1.0080654176719819,544,539.6475173767087,357,1.0562117246029796,0.7789641412324103,1.1078026095970337,157,73,127,148.64443969225476,93.7141982999444,114.64136200780084,102,70.68819290852338,65.22433178683633,-33.91252469535971,1.1320930454569886,1.0801548773594427,559,493.77566821316367,457,423.0874753046403,326,277.57660503872535,-276,-237.62069070857703,233,216.19906317443832,181,185.46678459606326,1.0800931543203074,4528,4192.230995899079,1.1364478406404088,4374,3848.8348022511723,1.0212203124584207,1841,1802.7451839144228,0.9597546545604783,1564,1629.5831362404147,0.8749104061801607,4058,4638.1892035290075,0.9074714368876347,4265,4699.8724440603,0.9394825039249168,569,605.6525774805427,0.9971237344520951,635,636.8316970700965,1.2447527816352757,45,36.151756930305396,0.7145748511750892,28,39.18413858807813
